<?xml version="1.0" encoding="UTF-8"?>

<!--- Spring namespace-based configuration -->
<beans xmlns="http://www.springframework.org/schema/beans"
	   xmlns:xsi="http://www.w3.org/2001/XMLSchema-instance" xmlns:security="http://www.springframework.org/schema/security"
	   xsi:schemaLocation="http://www.springframework.org/schema/beans
				           http://www.springframework.org/schema/beans/spring-beans-3.1.xsd
				           http://www.springframework.org/schema/security
				           http://www.springframework.org/schema/security/spring-security-3.2.xsd">

	<bean id="customUserDetailService" class="com.denimgroup.threadfix.service.CustomUserDetailServiceImpl"/>
	<bean id="ThreadFixPasswordEncoder" class="com.denimgroup.threadfix.service.ThreadFixPasswordEncoder"/>

	<bean class="org.springframework.security.authentication.dao.ReflectionSaltSource" id="saltSource">
		<property name="userPropertyToUse" value="salt"/>
	</bean>

	<security:global-method-security pre-post-annotations="enabled"/>

	<bean class="com.denimgroup.threadfix.webapp.config.CustomLogoutSuccessHandler" id="customLogoutSuccessHandler"/>
	<bean class="com.denimgroup.threadfix.webapp.config.CustomLoginSuccessHandler" id="customLoginSuccessHandler"/>

	<!-- Configure Spring Security -->
	<security:http auto-config="true" security-context-repository-ref="securityContextRepository">

		<security:session-management>
			<security:concurrency-control session-registry-alias="sessionRegistry" expired-url="/login.jsp?concurrentSessions=true"/>
		</security:session-management>

		<security:custom-filter before="CONCURRENT_SESSION_FILTER" ref="sessionTimeoutFilter" />

		<security:intercept-url pattern="/login*" access="IS_AUTHENTICATED_ANONYMOUSLY"/>
		<security:intercept-url pattern="/styles/*" access="IS_AUTHENTICATED_ANONYMOUSLY"/>
		<security:intercept-url pattern="/v/*/scripts/**" access="IS_AUTHENTICATED_ANONYMOUSLY"/>
		<security:intercept-url pattern="/images/*" access="IS_AUTHENTICATED_ANONYMOUSLY"/>
		<security:intercept-url pattern="/rest/**" access="IS_AUTHENTICATED_ANONYMOUSLY"/>
		<security:intercept-url pattern="/**" access="ROLE_USER"/>
		<security:form-login
				login-page="/login.jsp"
				default-target-url="/dashboard"
				authentication-success-handler-ref="customLoginSuccessHandler"
				always-use-default-target="true"/>
		<security:logout success-handler-ref="customLogoutSuccessHandler"/>
	</security:http>

	<bean id="customAuthenticationProvider" class="com.denimgroup.threadfix.service.LdapAuthenticator">
	</bean>

	<security:authentication-manager>

		<security:authentication-provider ref="customAuthenticationProvider"/>

		<security:authentication-provider user-service-ref="customUserDetailService">
			<security:password-encoder ref="ThreadFixPasswordEncoder">
				<security:salt-source ref="saltSource" />
			</security:password-encoder>
		</security:authentication-provider>

	</security:authentication-manager>

	<bean id="securityContextRepository" class="com.denimgroup.threadfix.service.CustomHttpSessionSecurityContextRepository"/>

	<bean id="securityContextPersistenceFilter" class="org.springframework.security.web.context.SecurityContextPersistenceFilter">
		<constructor-arg index="0" ref="securityContextRepository"/>
	</bean>

	<bean id="sessionTimeoutFilter" class="com.denimgroup.threadfix.webapp.filter.SessionTimeoutFilter">
		<constructor-arg name="expiredUrl" value="/login.jsp?sessionTimeout=true"/>
	</bean>

</beans>

